<?xml version="1.0" encoding="UTF-8"?>
<project-private xmlns="http://www.netbeans.org/ns/project-private/1">
    <editor-bookmarks xmlns="http://www.netbeans.org/ns/editor-bookmarks/2" lastBookmarkId="0"/>
    <open-files xmlns="http://www.netbeans.org/ns/projectui-open-files/2">
        <group>
            <file>file:/C:/Downloads/FPT/PRJ/PRJ301/StartupProjectManagement/src/java/dao/ProjectDAO.java</file>
            <file>file:/C:/Downloads/FPT/PRJ/PRJ301/StartupProjectManagement/web/viewstartupprojects.jsp</file>
            <file>file:/C:/Downloads/FPT/PRJ/PRJ301/StartupProjectManagement/src/java/controller/LoginController.java</file>
            <file>file:/C:/Downloads/FPT/PRJ/PRJ301/StartupProjectManagement/web/projectForm.jsp</file>
            <file>file:/C:/Downloads/FPT/PRJ/PRJ301/StartupProjectManagement/web/login.jsp</file>
            <file>file:/C:/Downloads/FPT/PRJ/PRJ301/StartupProjectManagement/src/java/dao/UserDAO.java</file>
        </group>
    </open-files>
</project-private>
